rank,name,team,position,salary,projected_underdog,ceiling,floor,value,ppg,rpg,apg,threes,stl,blk,to,gp
1,Nikola Jokić,DEN,F,8670,64.34,80.4,48.3,9.27,28.9,12.2,10.7,2.1,1.4,0.8,3.5,37
2,Luka Dončić,LAL,F,9840,60.41,75.5,45.3,7.67,32.8,7.8,8.6,3.5,1.5,0.5,4.3,42
3,Jalen Johnson,ATL,F,7020,52.02,65.0,39.0,9.26,23.4,10.6,8.2,1.7,1.3,0.5,3.4,49
4,Tyrese Maxey,PHI,F,8640,51.99,65.0,39.0,7.52,28.8,4.2,6.9,3.4,2.0,0.8,2.4,50
5,Shai Gilgeous-Alexander,OKC,PG,10200,51.63,64.5,38.7,6.32,31.8,4.4,6.4,1.8,1.3,0.8,2.1,49
6,Cade Cunningham,DET,PG,6000,50.6,63.2,38.0,10.53,25.1,5.5,9.7,1.8,1.4,0.8,3.7,45
7,Giannis Antetokounmpo,MIL,PF,10500,50.45,63.1,37.8,6.01,28.0,10.0,5.6,0.5,0.9,0.7,3.3,30
8,Donovan Mitchell,CLE,SG,8000,49.02,61.3,36.8,7.66,28.9,4.6,5.9,3.7,1.5,0.3,3.1,49
9,Victor Wembanyama,SAS,F,7170,48.97,61.2,36.7,8.54,23.9,11.1,2.7,1.8,0.9,2.7,2.6,38
10,James Harden,CLE,F,7620,47.96,60.0,36.0,7.87,25.4,4.8,8.1,3.1,1.3,0.4,3.7,45
11,Kawhi Leonard,LAC,F,8400,47.96,60.0,36.0,7.14,28.0,6.3,3.7,2.7,2.1,0.5,2.1,39
12,Jaylen Brown,BOS,F,8820,47.83,59.8,35.9,6.78,29.4,6.9,4.7,2.1,1.0,0.4,3.6,48
13,Anthony Edwards,MIN,F,8880,47.54,59.4,35.7,6.69,29.6,5.2,3.7,3.3,1.3,0.8,2.7,44
14,Jamal Murray,DEN,F,7800,47.36,59.2,35.5,7.59,26.0,4.3,7.5,3.3,1.0,0.4,2.3,48
15,Deni Avdija,POR,F,7650,47.34,59.2,35.5,7.74,25.5,7.2,6.7,2.3,0.8,0.6,3.9,44
16,Alperen Sengun,HOU,F,6240,45.33,56.7,34.0,9.09,20.8,9.4,6.3,0.6,1.4,1.0,3.2,44
17,Stephen Curry,GSW,PG,9300,44.7,55.9,33.5,6.01,27.2,3.5,4.8,4.5,1.1,0.4,2.8,39
18,Austin Reaves,LAL,F,7830,44.69,55.9,33.5,7.14,26.1,5.2,6.0,2.6,1.0,0.2,3.3,26
19,Joel Embiid,PHI,C,10000,44.65,55.8,33.5,5.58,26.6,7.5,3.9,1.3,0.6,1.1,3.0,31
20,Josh Giddey,CHI,F,5580,44.47,55.6,33.4,9.96,18.6,8.6,8.8,1.7,0.9,0.3,3.5,34
21,Jalen Brunson,NYK,PG,6500,43.61,54.5,32.7,8.38,27.1,3.3,6.1,2.9,0.7,0.1,2.2,48
22,Lauri Markkanen,UTA,F,8130,43.58,54.5,32.7,6.7,27.1,6.9,2.1,2.8,1.0,0.5,1.5,39
23,Michael Porter Jr.,BKN,F,7500,43.29,54.1,32.5,7.21,25.0,7.2,3.2,3.7,1.0,0.2,2.5,41
24,Scottie Barnes,TOR,SF,5800,43.23,54.0,32.4,9.31,19.4,8.4,5.6,0.9,1.3,1.6,2.7,53
25,Kevin Durant,HOU,PF,9500,43.01,53.8,32.3,5.66,25.9,5.3,4.4,2.3,0.8,0.9,3.1,48
26,Anthony Davis,WAS,C,8800,42.97,53.7,32.2,6.1,20.4,11.1,2.8,0.5,1.1,1.7,2.1,20
27,LeBron James,LAL,SF,9000,42.09,52.6,31.6,5.84,21.8,5.7,6.8,1.4,1.1,0.6,3.1,34
28,Devin Booker,PHX,F,7590,42.0,52.5,31.5,6.92,25.3,4.0,6.3,1.7,0.9,0.3,3.3,42
29,Keyonte George,UTA,F,7140,41.88,52.4,31.4,7.34,23.8,3.9,6.5,2.5,1.1,0.3,3.3,48
30,Paolo Banchero,ORL,PF,7200,41.75,52.2,31.3,7.25,21.7,8.5,4.9,1.1,0.7,0.7,2.8,41
31,Karl-Anthony Towns,NYK,F,5910,41.68,52.1,31.3,8.82,19.7,11.9,2.9,1.6,0.9,0.6,2.5,49
32,Pascal Siakam,IND,F,7080,41.39,51.7,31.0,7.3,23.6,6.7,3.9,1.8,1.1,0.5,2.2,50
33,Julius Randle,MIN,F,6630,41.33,51.7,31.0,7.8,22.1,6.9,5.4,1.5,1.1,0.2,2.5,54
34,Trey Murphy III,NOP,F,6660,40.56,50.7,30.4,7.61,22.2,5.8,3.7,3.2,1.5,0.3,1.9,50
35,LaMelo Ball,CHA,F,5730,40.46,50.6,30.3,8.83,19.1,4.8,7.5,3.3,1.1,0.2,3.1,43
36,Evan Mobley,CLE,F,5370,40.31,50.4,30.2,9.39,17.9,8.8,4.0,1.1,0.9,2.0,2.1,42
37,Kevin Porter Jr.,MIL,F,5130,39.89,49.9,29.9,9.73,17.1,5.2,7.5,1.5,2.3,0.4,3.2,25
38,Cooper Flagg,DAL,F,6090,38.52,48.2,28.9,7.91,20.3,6.6,4.2,1.1,1.2,0.8,2.2,48
39,Franz Wagner,ORL,SF,6800,38.32,47.9,28.7,7.04,22.2,6.1,3.6,1.5,1.1,0.3,1.8,26
40,Bam Adebayo,MIA,F,5460,38.31,47.9,28.7,8.77,18.2,9.8,2.7,1.6,1.1,0.7,1.8,46
41,Brandon Ingram,TOR,F,6600,38.26,47.8,28.7,7.24,22.0,5.8,3.7,1.8,0.8,0.8,2.5,52
42,Amen Thompson,HOU,F,5340,38.22,47.8,28.7,8.95,17.8,7.6,5.5,0.3,1.4,0.6,2.5,50
43,Derrick White,BOS,F,5220,38.13,47.7,28.6,9.14,17.4,4.4,5.5,2.9,1.2,1.4,1.8,51
44,Walker Kessler,UTA,F,4320,37.86,47.3,28.4,10.95,14.4,10.8,3.0,1.2,1.4,1.8,3.2,5
45,Ja Morant,MEM,F,5850,37.41,46.8,28.1,8.0,19.5,3.3,8.1,1.0,1.0,0.3,3.6,20
46,De'Aaron Fox,SAS,F,5850,37.35,46.7,28.0,7.98,19.5,4.0,6.2,2.0,1.2,0.3,2.5,43
47,Jimmy Butler III,GSW,F,6000,37.27,46.6,28.0,7.77,20.0,5.6,4.9,0.8,1.4,0.2,1.6,38
48,Trae Young,WAS,PG,7500,37.15,46.4,27.9,6.19,19.3,1.5,8.9,1.8,1.0,0.1,2.6,10
49,Domantas Sabonis,SAC,F,4740,36.78,46.0,27.6,9.7,15.8,11.4,4.1,0.3,0.9,0.2,2.7,19
50,Stephon Castle,SAS,F,5130,36.59,45.7,27.4,8.91,17.1,5.2,7.0,1.1,1.4,0.3,3.5,42
51,Alex Sarr,WAS,F,5160,36.51,45.6,27.4,8.84,17.2,7.8,2.8,1.0,0.8,2.0,1.7,41
52,Nikola Vučević,BOS,F,4980,36.5,45.6,27.4,9.16,16.6,9.0,3.7,1.7,0.7,0.6,1.5,50
53,Brandon Miller,CHA,F,6090,36.24,45.3,27.2,7.44,20.3,4.7,3.3,2.9,1.0,0.9,2.7,36
54,Zion Williamson,NOP,F,6480,36.19,45.2,27.1,6.98,21.6,6.2,3.4,0.0,1.0,0.6,2.3,38
55,Onyeka Okongwu,ATL,F,4890,36.13,45.2,27.1,9.24,16.3,7.9,3.3,2.0,1.2,1.0,2.0,48
56,Chet Holmgren,OKC,F,5310,36.04,45.0,27.0,8.47,17.7,8.7,1.6,1.3,0.5,2.0,1.6,46
57,Tyler Herro,MIA,F,6570,36.04,45.0,27.0,6.85,21.9,4.7,2.7,2.2,1.0,0.5,1.5,11
58,Immanuel Quickley,TOR,F,5100,36.03,45.0,27.0,8.82,17.0,4.4,6.1,2.6,1.3,0.1,1.6,51
59,Norman Powell,MIA,F,6900,35.92,44.9,26.9,6.51,23.0,3.6,2.6,2.9,1.2,0.2,2.0,45
60,Ryan Rollins,MIL,F,5070,35.72,44.6,26.8,8.8,16.9,4.6,5.5,2.4,1.5,0.4,2.3,50
61,Russell Westbrook,SAC,F,4590,35.71,44.6,26.8,9.72,15.3,5.8,6.7,2.1,1.3,0.2,3.4,51
62,Nickeil Alexander-Walker,ATL,F,6060,35.7,44.6,26.8,7.36,20.2,3.5,3.7,3.1,1.2,0.6,1.9,52
63,Jalen Duren,DET,F,5310,35.3,44.1,26.5,8.31,17.7,10.5,1.7,0.0,0.9,0.8,1.9,43
64,Kon Knueppel,CHA,F,5670,34.9,43.6,26.2,7.69,18.9,5.5,3.6,3.3,0.7,0.2,2.2,52
65,Jaren Jackson Jr.,UTA,F,5790,34.89,43.6,26.2,7.53,19.3,5.7,1.9,1.8,1.1,1.5,2.2,46
66,Andrew Nembhard,IND,F,5190,34.78,43.5,26.1,8.38,17.3,2.9,7.4,1.9,0.9,0.2,2.4,42
67,Miles Bridges,CHA,F,5520,34.47,43.1,25.9,7.81,18.4,6.1,3.5,2.2,0.5,0.5,1.4,52
68,Desmond Bane,ORL,F,5790,34.26,42.8,25.7,7.39,19.3,4.3,4.2,1.8,0.9,0.5,2.2,51
69,Shaedon Sharpe,POR,F,6420,34.18,42.7,25.6,6.65,21.4,4.4,2.6,2.1,1.4,0.1,3.0,48
70,Jalen Williams,OKC,F,5040,34.16,42.7,25.6,8.47,16.8,4.8,5.6,0.8,1.3,0.4,2.0,24
71,Payton Pritchard,BOS,F,5130,33.94,42.4,25.5,8.27,17.1,4.2,5.3,2.6,0.8,0.1,1.1,52
72,Darius Garland,LAC,PG,6200,33.93,42.4,25.4,6.84,18.0,2.4,6.9,2.3,0.8,0.1,2.8,26
73,Kyshawn George,WAS,F,4530,33.75,42.2,25.3,9.32,15.1,5.5,4.9,2.1,1.1,0.9,2.8,42
74,Jrue Holiday,POR,F,4470,33.68,42.1,25.3,9.42,14.9,4.4,6.5,2.2,1.3,0.1,2.5,24
75,Jusuf Nurkić,UTA,F,3500,33.66,42.1,25.2,12.03,11.0,10.3,4.9,0.6,1.3,0.5,2.5,39
76,RJ Barrett,TOR,F,5580,33.51,41.9,25.1,7.51,18.6,5.3,3.6,1.8,0.8,0.3,1.7,30
77,Paul George,PHI,F,4800,33.27,41.6,25.0,8.67,16.0,5.1,3.7,2.4,1.5,0.5,1.6,27
78,VJ Edgecombe,PHI,F,4500,32.98,41.2,24.7,9.16,15.0,5.4,4.2,2.1,1.5,0.5,1.8,48
79,Mikal Bridges,NYK,F,4710,32.87,41.1,24.7,8.73,15.7,4.1,4.1,2.2,1.4,0.8,1.0,53
80,Coby White,CHA,PG,5200,32.69,40.9,24.5,7.87,18.6,3.7,4.7,2.5,0.7,0.1,3.0,29
81,OG Anunoby,NYK,F,4980,32.65,40.8,24.5,8.19,16.6,5.5,2.4,2.1,1.7,0.7,2.1,41
82,Jalen Suggs,ORL,F,4260,32.52,40.7,24.4,9.55,14.2,4.1,5.2,1.9,1.8,0.7,2.6,31
83,Zach Edey,MEM,F,4080,32.47,40.6,24.4,9.95,13.6,11.1,1.1,0.1,0.6,1.9,2.4,11
84,Grayson Allen,PHX,F,5100,32.45,40.6,24.3,7.96,17.0,3.0,4.0,3.3,1.4,0.3,1.7,35
85,Ivica Zubac,IND,F,4320,32.35,40.4,24.3,9.35,14.4,11.0,2.2,0.0,0.4,0.8,1.9,43
86,Dyson Daniels,ATL,F,3500,32.3,40.4,24.2,11.54,11.4,6.5,6.2,0.2,1.9,0.4,2.0,52
87,Josh Hart,NYK,F,3660,32.3,40.4,24.2,11.04,12.2,7.5,5.0,1.6,1.2,0.3,2.0,41
88,Dillon Brooks,PHX,F,6330,32.22,40.3,24.2,6.37,21.1,3.6,1.8,2.4,1.1,0.2,1.8,47
89,Kristaps Porziņģis,GSW,F,5130,32.22,40.3,24.2,7.86,17.1,5.1,2.7,1.8,0.5,1.3,0.9,17
90,Donovan Clingan,POR,F,3500,32.15,40.2,24.1,11.49,11.4,11.5,2.0,0.9,0.5,1.3,1.1,49
91,Aaron Gordon,DEN,F,5310,31.99,40.0,24.0,7.53,17.7,6.2,2.5,1.8,0.7,0.2,1.0,23
92,DeMar DeRozan,SAC,F,5670,31.74,39.7,23.8,7.0,18.9,3.2,3.9,0.7,1.2,0.3,1.1,54
93,CJ McCollum,ATL,F,5520,31.68,39.6,23.8,7.17,18.4,3.4,3.5,2.6,0.7,0.4,1.7,49
94,Anthony Black,ORL,F,4770,31.55,39.4,23.7,8.26,15.9,4.0,4.1,1.6,1.4,0.7,2.2,51
95,Jabari Smith Jr.,HOU,F,4560,31.48,39.4,23.6,8.64,15.2,6.9,1.9,2.2,0.8,1.0,1.3,50
96,Andrew Wiggins,MIA,F,4710,31.35,39.2,23.5,8.32,15.7,5.0,2.8,1.9,1.2,1.0,1.7,49
97,Naz Reid,MIN,F,4320,31.33,39.2,23.5,9.07,14.4,6.4,2.5,2.5,1.0,0.9,1.6,54
98,Rudy Gobert,MIN,F,3500,31.16,39.0,23.4,11.14,10.7,11.3,1.7,0.0,0.8,1.7,1.3,52
99,Collin Gillespie,PHX,F,4080,31.02,38.8,23.3,9.51,13.6,4.1,4.7,3.1,1.4,0.2,1.7,52
100,Saddiq Bey,NOP,F,5010,31.01,38.8,23.3,7.74,16.7,5.8,2.5,1.9,1.0,0.0,0.6,47
101,Donte DiVincenzo,MIN,F,3900,30.7,38.4,23.0,9.85,13.0,4.5,4.1,3.1,1.4,0.5,1.5,54
102,Jerami Grant,POR,F,5730,30.7,38.4,23.0,6.7,19.1,3.5,2.5,2.3,0.6,0.6,2.1,37
103,Santi Aldama,MEM,F,4200,30.54,38.2,22.9,9.1,14.0,6.7,2.9,1.6,0.9,0.7,1.3,43
104,Keegan Murray,SAC,F,4380,30.47,38.1,22.9,8.7,14.6,6.1,1.5,1.3,1.2,1.6,1.2,19
105,P.J. Washington,DAL,F,4230,30.42,38.0,22.8,8.98,14.1,7.1,1.9,1.2,1.0,1.4,2.1,37
106,Derik Queen,NOP,F,3690,30.41,38.0,22.8,10.3,12.3,7.3,4.3,0.3,1.0,0.9,2.4,53
107,Nic Claxton,BKN,F,3660,30.14,37.7,22.6,10.3,12.2,7.2,4.0,0.0,0.7,1.3,1.4,49
108,Jarrett Allen,CLE,F,4290,30.12,37.6,22.6,8.76,14.3,8.1,2.0,0.0,1.0,0.9,1.4,41
109,Bennedict Mathurin,LAC,F,5340,30.08,37.6,22.6,7.04,17.8,5.4,2.3,2.1,0.6,0.1,2.3,28
110,Jaime Jaquez Jr.,MIA,F,4560,30.08,37.6,22.6,8.25,15.2,5.4,4.7,0.5,0.8,0.2,2.3,49
111,Isaiah Hartenstein,OKC,F,3500,30.03,37.5,22.5,10.71,10.7,9.9,3.4,0.0,1.0,0.7,2.1,28
112,Matas Buzelis,CHI,F,4530,30.03,37.5,22.5,8.28,15.1,5.4,2.1,2.0,0.7,1.4,1.8,53
113,Zach LaVine,SAC,F,5760,29.56,36.9,22.2,6.41,19.2,2.8,2.3,2.5,0.7,0.3,1.9,39
114,Peyton Watson,DEN,F,4470,28.78,36.0,21.6,8.05,14.9,4.9,2.0,1.5,1.0,1.2,1.8,49
115,Jaden McDaniels,MIN,SF,4200,28.24,35.3,21.2,8.4,14.8,4.2,2.8,1.5,0.9,0.9,1.8,52
116,Myles Turner,MIL,F,3870,28.22,35.3,21.2,9.12,12.9,5.6,1.6,2.2,0.7,1.6,1.2,48
117,Cedric Coward,MEM,F,4080,28.11,35.1,21.1,8.6,13.6,6.3,2.9,1.5,0.6,0.4,1.8,47
118,Jaylon Tyson,CLE,F,4200,28.1,35.1,21.1,8.36,14.0,5.5,2.4,2.1,0.9,0.4,1.6,48
119,Toumani Camara,POR,F,3840,27.61,34.5,20.7,8.98,12.8,5.3,2.6,2.5,1.0,0.5,1.9,53
120,Naji Marshall,DAL,F,4410,27.6,34.5,20.7,7.82,14.7,5.0,3.0,0.9,1.0,0.1,1.4,51
121,Tre Jones,CHI,F,3720,27.6,34.5,20.7,9.27,12.4,3.0,5.8,0.6,1.3,0.2,1.4,38
122,Ajay Mitchell,OKC,F,4230,27.55,34.4,20.7,8.13,14.1,3.5,3.7,1.1,1.4,0.3,1.6,43
123,Ayo Dosunmu,MIN,F,4500,27.55,34.4,20.7,7.64,15.0,3.0,3.6,2.0,0.8,0.3,1.3,46
124,Kel'el Ware,MIA,F,3500,27.49,34.4,20.6,9.83,11.3,9.2,0.6,1.1,0.8,1.0,0.9,50
125,Wendell Carter Jr.,ORL,F,3570,27.41,34.3,20.6,9.61,11.9,7.3,2.1,1.2,0.8,0.7,1.2,49
126,Deandre Ayton,LAL,F,4020,27.33,34.2,20.5,8.51,13.4,8.4,0.9,0.0,0.6,1.0,1.4,45
127,Tari Eason,HOU,F,3720,27.26,34.1,20.4,9.17,12.4,6.3,1.4,2.2,1.3,0.6,1.6,29
128,Mark Williams,PHX,F,3660,27.14,33.9,20.4,9.26,12.2,8.2,1.1,0.0,1.0,1.0,1.1,48
129,Devin Vassell,SAS,F,4320,27.03,33.8,20.3,7.82,14.4,3.9,2.4,2.4,0.8,0.4,0.9,39
130,Bobby Portis,MIL,F,4020,26.79,33.5,20.1,8.33,13.4,6.7,1.7,1.9,0.5,0.2,1.0,48
131,Kelly Oubre Jr.,PHI,F,4230,26.79,33.5,20.1,7.92,14.1,4.7,1.5,1.8,1.2,0.6,1.2,30
132,Cam Spencer,MEM,F,3600,26.69,33.4,20.0,9.28,12.0,2.7,5.6,2.2,0.7,0.1,1.5,49
133,Ausar Thompson,DET,F,3500,26.65,33.3,20.0,9.51,10.4,6.0,2.7,0.1,1.9,0.9,1.4,47
134,Aaron Nesmith,IND,F,4080,26.52,33.1,19.9,8.11,13.6,4.6,2.2,2.4,0.7,0.5,1.4,31
135,Dennis Schröder,CLE,F,3780,26.35,32.9,19.8,8.7,12.6,3.0,5.3,1.4,0.8,0.1,2.0,42
136,Brandin Podziemski,GSW,F,3570,26.22,32.8,19.7,9.19,11.9,4.6,3.5,1.7,1.1,0.2,1.5,53
137,Quentin Grimes,PHI,F,3810,26.11,32.6,19.6,8.56,12.7,3.8,3.6,1.8,0.9,0.4,1.9,48
138,Draymond Green,GSW,F,3500,25.97,32.5,19.5,9.29,8.3,5.6,5.2,1.5,0.8,0.7,2.7,44
139,Neemias Queta,BOS,F,3500,25.86,32.3,19.4,9.23,9.8,8.3,1.5,0.0,0.9,1.3,1.1,50
140,Tobias Harris,DET,F,4050,25.79,32.2,19.3,7.95,13.5,4.7,2.4,1.4,0.9,0.2,1.1,35
141,Isaiah Collier,UTA,F,3500,25.72,32.1,19.3,9.17,10.2,2.6,7.2,0.4,0.9,0.3,2.4,45
142,Davion Mitchell,MIA,F,3500,25.6,32.0,19.2,9.14,9.0,2.5,7.1,1.2,1.2,0.1,1.7,44
143,Royce O'Neale,PHX,F,3500,25.58,32.0,19.2,9.14,10.3,4.9,2.9,2.8,1.2,0.3,1.5,53
144,Reed Sheppard,HOU,F,3750,25.45,31.8,19.1,8.48,12.5,2.5,3.0,2.3,1.4,0.5,1.3,51
145,Keldon Johnson,SAS,F,4050,25.18,31.5,18.9,7.78,13.5,5.9,1.4,1.2,0.7,0.2,1.0,52
146,John Collins,LAC,F,4140,25.1,31.4,18.8,7.58,13.8,5.0,0.9,1.4,0.8,0.8,1.3,49
147,Julian Champagnie,SAS,F,3500,25.1,31.4,18.8,8.97,11.4,6.0,1.4,2.5,0.8,0.4,1.0,52
148,Kyle Kuzma,MIL,F,3900,25.1,31.4,18.8,8.05,13.0,5.0,2.6,1.0,0.6,0.4,1.6,47
149,Miles McBride,NYK,F,3870,24.92,31.2,18.7,8.06,12.9,2.6,2.8,2.9,0.9,0.2,0.8,35
150,Jordan Poole,NOP,F,4350,24.86,31.1,18.6,7.15,14.5,1.8,3.1,2.5,0.7,0.3,1.9,28
151,Noah Clowney,BKN,F,3840,24.84,31.1,18.6,8.1,12.8,4.2,1.8,2.0,0.8,0.8,1.8,46
152,Jeremiah Fears,NOP,F,3930,24.82,31.0,18.6,7.89,13.1,3.6,3.0,1.0,1.2,0.3,2.2,54
153,Jock Landale,ATL,F,3500,24.63,30.8,18.5,8.8,11.5,6.4,1.7,1.2,0.5,0.6,1.0,47
154,Collin Sexton,CHI,F,4290,24.33,30.4,18.2,7.09,14.3,1.9,3.7,1.3,0.8,0.2,2.2,43
155,Anfernee Simons,CHI,F,4290,24.28,30.4,18.2,7.09,14.3,2.4,2.5,2.7,0.5,0.1,1.1,51
156,Sandro Mamukelashvili,TOR,F,3500,24.25,30.3,18.2,8.66,11.5,5.0,2.0,1.4,0.8,0.6,0.9,52
157,Max Christie,DAL,F,3990,24.23,30.3,18.2,7.59,13.3,3.4,2.2,2.5,0.5,0.3,1.1,48
158,Moussa Diabaté,CHA,F,3500,24.19,30.2,18.1,8.63,8.4,8.7,1.6,0.0,0.7,1.0,0.9,49
159,Jonathan Kuminga,ATL,F,3630,24.08,30.1,18.1,8.29,12.1,5.9,2.5,0.9,0.4,0.3,2.3,20
160,De'Andre Hunter,SAC,F,4110,24.07,30.1,18.1,7.32,13.7,4.1,2.0,1.7,0.7,0.1,1.7,45
161,Jakob Poeltl,TOR,F,3500,23.89,29.9,17.9,8.54,9.7,7.7,2.1,0.0,0.8,0.5,1.6,21
162,Jalen Smith,CHI,F,3500,23.88,29.8,17.9,8.51,10.2,6.9,1.3,1.5,0.4,0.8,0.9,43
163,Bub Carrington,WAS,F,3500,23.8,29.8,17.9,8.51,10.2,3.5,4.6,2.1,0.6,0.2,2.4,52
164,Bilal Coulibaly,WAS,F,3500,23.67,29.6,17.8,8.46,9.7,4.6,2.5,0.9,1.4,0.9,1.6,32
165,Cam Thomas,BKN,F,4680,23.61,29.5,17.7,6.3,15.6,1.8,3.1,1.6,0.2,0.1,2.0,24
166,Brandon Williams,DAL,F,3810,23.53,29.4,17.6,7.72,12.7,2.9,3.6,0.5,1.0,0.2,1.9,44
167,Sam Merrill,CLE,F,3930,23.44,29.3,17.6,7.46,13.1,2.2,2.3,3.3,0.6,0.1,0.9,29
168,Tim Hardaway Jr.,DEN,F,4200,23.29,29.1,17.5,6.93,14.0,2.7,1.4,2.8,0.5,0.2,0.5,52
169,Egor Dëmin,BKN,F,3500,23.17,29.0,17.4,8.29,10.7,3.1,3.3,2.5,0.8,0.3,1.8,45
170,Kyle Filipowski,UTA,F,3500,22.92,28.7,17.2,8.2,9.6,6.6,2.0,0.9,0.7,0.4,1.4,52
171,Cameron Johnson,DEN,F,3540,22.82,28.5,17.1,8.05,11.8,3.6,2.3,1.9,0.6,0.3,0.9,29
172,De'Anthony Melton,GSW,F,3500,22.81,28.5,17.1,8.14,11.5,2.8,2.2,1.3,1.7,0.4,1.7,26
173,Tre Johnson,WAS,F,3870,22.74,28.4,17.1,7.34,12.9,2.7,2.2,2.2,0.6,0.3,1.4,39
174,Duncan Robinson,DET,F,3630,22.69,28.4,17.0,7.82,12.1,2.7,1.8,3.0,0.7,0.3,0.7,49
175,Kevin Huerter,DET,F,3500,22.69,28.4,17.0,8.11,10.6,3.7,2.6,1.5,0.8,0.6,1.1,46
176,Dylan Harper,SAS,F,3500,22.41,28.0,16.8,8.0,10.7,3.3,3.5,0.6,0.9,0.4,1.4,41
177,Moses Moody,GSW,F,3500,22.41,28.0,16.8,8.0,11.4,3.3,1.4,2.4,0.9,0.6,0.9,51
178,Isaiah Stewart,DET,C,4800,22.36,27.9,16.8,5.81,10.1,5.3,1.2,0.7,0.3,1.7,1.2,47
179,Malik Monk,SAC,F,3720,22.3,27.9,16.7,7.5,12.4,2.0,2.6,2.1,0.7,0.4,1.4,43
180,Khris Middleton,DAL,F,3500,22.28,27.9,16.7,7.97,10.3,3.9,3.3,1.0,0.8,0.3,1.7,34
181,Jordan Goodwin,PHX,F,3500,22.16,27.7,16.6,7.91,8.7,4.8,2.2,1.5,1.5,0.2,1.0,50
182,Aaron Wiggins,OKC,F,3500,22.13,27.7,16.6,7.91,10.9,3.4,1.8,1.9,1.0,0.6,1.3,38
183,Day'Ron Sharpe,BKN,F,3500,21.97,27.5,16.5,7.86,8.3,6.6,2.3,0.1,1.1,0.4,1.6,49
184,T.J. McConnell,IND,F,3500,21.84,27.3,16.4,7.8,9.5,2.2,4.8,0.3,1.2,0.2,1.2,39
185,Vince Williams Jr.,UTA,F,3500,21.83,27.3,16.4,7.8,7.8,3.9,4.3,1.4,0.8,0.4,1.8,35
186,Luke Kornet,SAS,F,3500,21.81,27.3,16.4,7.8,7.5,6.8,2.0,0.0,0.5,1.2,0.5,42
187,Herbert Jones,NOP,SF,5000,21.8,27.2,16.4,5.44,9.0,3.5,2.5,1.3,1.6,0.5,1.3,31
188,Ace Bailey,UTA,F,3500,21.79,27.2,16.3,7.77,11.5,3.7,1.6,1.5,0.8,0.5,1.3,46
189,Marvin Bagley III,DAL,F,3500,21.76,27.2,16.3,7.77,10.3,5.8,1.5,0.2,0.5,0.8,1.1,39
190,Jaylen Wells,MEM,F,3600,21.75,27.2,16.3,7.56,12.0,3.5,1.7,1.8,0.8,0.1,1.2,50
191,Jarace Walker,IND,F,3500,21.7,27.1,16.3,7.74,10.3,4.5,2.0,1.6,0.8,0.3,1.6,53
192,Andre Drummond,PHI,F,3500,21.66,27.1,16.2,7.74,6.9,8.8,0.8,0.5,0.6,0.9,1.0,38
193,Jake LaRavia,LAL,F,3500,21.52,26.9,16.1,7.69,9.3,4.1,2.0,1.1,1.4,0.5,1.2,51
194,Al Horford,GSW,F,3500,21.41,26.8,16.1,7.66,7.4,4.8,2.3,1.5,0.8,1.1,1.0,32
195,Zaccharie Risacher,ATL,F,3500,21.3,26.6,16.0,7.6,10.9,3.5,1.4,1.6,0.9,0.6,1.0,40
196,Marcus Smart,LAL,F,3500,21.25,26.6,15.9,7.6,9.6,3.0,2.8,1.5,1.2,0.4,1.7,42
197,Caleb Love,POR,F,3500,21.17,26.5,15.9,7.57,11.3,2.6,2.7,2.0,0.6,0.1,1.4,44
198,Daniel Gafford,DAL,F,3500,21.17,26.5,15.9,7.57,8.3,6.6,0.9,0.0,0.8,1.3,1.2,36
199,Pelle Larsson,MIA,F,3500,21.06,26.3,15.8,7.51,10.2,3.3,3.3,0.9,0.6,0.2,1.1,45
200,Jay Huff,IND,F,3500,20.91,26.1,15.7,7.46,8.6,3.8,1.3,1.4,0.5,1.9,0.8,53
201,Brice Sensabaugh,UTA,F,3630,20.68,25.9,15.5,7.13,12.1,2.9,1.6,1.7,0.7,0.1,1.2,50
202,Rui Hachimura,LAL,F,3630,20.65,25.8,15.5,7.11,12.1,3.5,0.9,1.8,0.5,0.3,0.8,41
203,Klay Thompson,DAL,F,3500,20.63,25.8,15.5,7.37,11.6,2.4,1.4,2.9,0.5,0.3,0.9,48
204,Maxime Raynaud,SAC,F,3500,20.58,25.7,15.4,7.34,9.7,6.4,1.0,0.2,0.5,0.5,1.0,46
205,D'Angelo Russell,WAS,F,3500,20.51,25.6,15.4,7.31,10.2,2.3,4.0,1.3,0.5,0.1,1.9,26
206,Cason Wallace,OKC,F,3500,20.5,25.6,15.4,7.31,8.2,3.0,2.1,1.4,2.1,0.2,0.9,50
207,Dylan Cardwell,SAC,F,3500,20.5,25.6,15.4,7.31,5.3,7.5,1.2,0.0,0.7,1.7,0.8,27
208,Mitchell Robinson,NYK,F,3500,20.48,25.6,15.4,7.31,4.8,8.9,1.0,0.0,0.8,1.1,0.6,38
209,Collin Murray-Boyles,TOR,F,3500,20.45,25.6,15.3,7.31,7.9,5.0,2.1,0.4,0.9,0.9,1.2,43
210,Steven Adams,HOU,F,3500,20.42,25.5,15.3,7.29,5.8,8.6,1.5,0.0,0.7,0.6,1.1,32
211,AJ Green,MIL,F,3500,20.37,25.5,15.3,7.29,10.5,2.6,2.0,3.0,0.5,0.1,0.9,46
212,Ryan Kalkbrenner,CHA,F,3500,20.35,25.4,15.3,7.26,8.4,6.0,0.7,0.0,0.6,1.5,1.0,41
213,Zach Collins,CHI,F,3500,20.27,25.3,15.2,7.23,9.7,5.6,1.5,0.9,0.2,0.4,1.0,10
214,Harrison Barnes,SAS,F,3500,20.23,25.3,15.2,7.23,10.6,2.9,2.1,1.9,0.6,0.2,1.0,52
215,Jamal Shead,TOR,F,3500,20.08,25.1,15.1,7.17,6.9,1.9,5.4,1.1,1.0,0.2,1.4,54
216,Kris Dunn,LAC,F,3500,19.83,24.8,14.9,7.09,7.9,2.9,3.3,1.0,1.4,0.2,1.4,52
217,Sam Hauser,BOS,F,3500,19.81,24.8,14.9,7.09,9.0,3.8,1.4,2.6,0.6,0.3,0.5,50
218,Christian Braun,DEN,F,3500,19.77,24.7,14.8,7.06,9.1,4.1,2.6,0.4,0.6,0.4,1.1,17
219,Derrick Jones Jr.,LAC,F,3500,19.74,24.7,14.8,7.06,10.1,2.7,1.2,1.2,0.9,1.0,0.8,20
220,Luguentz Dort,OKC,F,3500,19.63,24.5,14.7,7.0,8.7,3.9,1.2,2.0,0.9,0.5,0.7,42
221,Robert Williams III,POR,F,3500,19.55,24.4,14.7,6.97,6.4,6.5,1.1,0.1,0.6,1.4,0.8,36
222,Dominick Barlow,PHI,F,3500,19.4,24.2,14.5,6.91,8.4,5.0,1.2,0.4,1.0,0.6,0.8,42
223,Justin Champagnie,WAS,F,3500,19.39,24.2,14.5,6.91,7.7,5.7,1.1,0.7,0.8,0.6,0.6,49
224,Jose Alvarado,NYK,F,3500,19.16,23.9,14.4,6.83,8.0,2.8,3.1,1.7,0.9,0.1,1.1,42
225,Kyle Anderson,MEM,F,3500,19.13,23.9,14.3,6.83,7.3,3.4,3.0,0.1,1.2,0.6,0.9,21
226,Danny Wolf,BKN,F,3500,19.02,23.8,14.3,6.8,8.1,4.6,2.0,1.1,0.5,0.4,1.0,37
227,Terance Mann,BKN,F,3500,19.01,23.8,14.3,6.8,7.6,3.3,3.5,0.8,0.8,0.2,1.2,44
228,Jaylin Williams,OKC,F,3500,18.95,23.7,14.2,6.77,6.1,5.0,2.5,1.2,0.6,0.6,1.0,38
229,Jalen Green,PHX,F,3500,18.91,23.6,14.2,6.74,11.0,2.3,2.0,1.8,0.5,0.0,1.3,6
230,Ronald Holland II,DET,F,3500,18.91,23.6,14.2,6.74,8.1,4.3,1.4,0.6,1.4,0.4,1.3,49
231,Kevin Love,UTA,F,3500,18.86,23.6,14.1,6.74,7.0,5.8,1.8,1.4,0.3,0.3,0.8,28
232,Lonzo Ball,CLE,F,3500,18.8,23.5,14.1,6.71,4.6,4.0,3.9,1.1,1.3,0.3,1.5,35
233,Isaiah Joe,OKC,F,3500,18.7,23.4,14.0,6.69,10.0,2.5,1.4,2.3,0.6,0.2,0.6,44
234,Jonas Valančiūnas,DEN,F,3500,18.49,23.1,13.9,6.6,9.0,5.2,1.3,0.1,0.2,0.7,1.2,41
235,Bruce Brown,DEN,F,3500,18.45,23.1,13.8,6.6,7.6,4.0,2.2,0.5,1.1,0.3,1.1,53
236,Precious Achiuwa,SAC,F,3500,18.15,22.7,13.6,6.49,7.2,5.5,1.2,0.3,0.8,0.5,0.7,46
237,Kentavious Caldwell-Pope,MEM,F,3500,18.0,22.5,13.5,6.43,8.3,2.5,2.8,1.1,0.8,0.2,1.2,49
238,Nikola Jović,MIA,F,3500,17.95,22.4,13.5,6.4,7.9,3.5,2.4,1.0,0.6,0.4,1.5,42
239,Ziaire Williams,BKN,F,3500,17.9,22.4,13.4,6.4,9.4,2.5,0.8,1.6,1.1,0.5,1.0,36
240,Daniss Jenkins,DET,F,3500,17.86,22.3,13.4,6.37,8.2,1.8,3.3,1.0,0.9,0.2,1.3,42
241,Tristan da Silva,ORL,F,3500,17.86,22.3,13.4,6.37,8.8,3.3,1.2,1.5,0.8,0.3,0.8,46
242,Caris LeVert,DET,F,3500,17.76,22.2,13.3,6.34,7.8,1.8,2.9,1.1,0.9,0.6,1.3,34
243,Vít Krejčí,POR,F,3500,17.75,22.2,13.3,6.34,9.0,2.0,1.5,2.2,0.8,0.3,0.6,49
244,Jordan Miller,LAC,F,3500,17.64,22.1,13.2,6.31,9.3,3.2,1.7,0.7,0.7,0.2,1.1,31
245,Simone Fontecchio,MIA,F,3500,17.61,22.0,13.2,6.29,8.6,3.3,1.5,1.8,0.5,0.2,0.8,51
246,GG Jackson,MEM,F,3500,17.55,21.9,13.2,6.26,8.7,3.5,1.1,0.9,0.7,0.6,1.0,31
247,Svi Mykhailiuk,UTA,F,3500,17.35,21.7,13.0,6.2,8.9,2.5,1.9,1.8,0.5,0.1,0.8,44
248,Yves Missi,NOP,F,3500,17.29,21.6,13.0,6.17,5.6,5.7,1.2,0.0,0.3,1.4,0.7,46
249,Quinten Post,GSW,F,3500,17.28,21.6,13.0,6.17,7.7,3.9,1.3,1.5,0.4,0.5,0.7,53
250,Craig Porter Jr.,CLE,F,3500,17.25,21.6,12.9,6.17,4.9,3.5,3.2,0.6,1.0,0.6,0.9,47
251,Goga Bitadze,ORL,F,3500,17.25,21.6,12.9,6.17,5.9,5.0,1.2,0.0,0.7,1.2,0.5,42
252,Dru Smith,MIA,F,3500,17.22,21.5,12.9,6.14,6.2,2.6,2.7,0.7,1.5,0.3,0.9,53
253,Dereck Lively II,DAL,F,3500,17.21,21.5,12.9,6.14,4.3,5.3,1.9,0.0,0.6,1.6,1.4,7
254,Isaac Okoro,CHI,F,3500,17.17,21.5,12.9,6.14,8.8,2.6,1.5,1.1,0.6,0.5,0.6,45
255,Ryan Nembhard,DAL,F,3500,17.01,21.3,12.8,6.09,6.7,1.8,4.9,0.9,0.3,0.0,1.4,38
256,Landry Shamet,NYK,F,3500,16.98,21.2,12.7,6.06,9.3,1.9,1.4,2.1,0.5,0.2,0.4,28
257,Corey Kispert,ATL,F,3500,16.94,21.2,12.7,6.06,9.7,2.2,1.6,1.6,0.4,0.1,0.8,33
258,Bogdan Bogdanović,LAC,F,3500,16.81,21.0,12.6,6.0,7.6,2.8,2.6,1.4,0.5,0.1,1.3,17
259,Isaiah Jackson,LAC,F,3500,16.77,21.0,12.6,6.0,6.4,5.6,0.8,0.0,0.7,0.8,1.1,38
260,Luka Garza,BOS,F,3500,16.76,21.0,12.6,6.0,7.9,4.3,1.0,0.7,0.4,0.5,0.6,44
261,Alex Caruso,OKC,F,3500,16.69,20.9,12.5,5.97,6.1,2.7,2.1,1.0,1.4,0.4,0.8,34
262,Dean Wade,CLE,F,3500,16.57,20.7,12.4,5.91,5.8,4.1,1.6,1.2,0.8,0.4,0.3,43
263,Luke Kennard,LAL,F,3500,16.52,20.6,12.4,5.89,8.0,2.1,2.1,1.6,0.7,0.1,0.7,47
264,Cole Anthony,PHX,F,3500,16.4,20.5,12.3,5.86,6.7,2.5,3.5,0.6,0.6,0.3,1.9,35
265,Walter Clayton Jr.,MEM,F,3500,16.4,20.5,12.3,5.86,6.9,2.0,3.3,1.0,0.6,0.3,1.3,47
266,Jaden Ivey,CHI,F,3500,16.26,20.3,12.2,5.8,8.4,2.3,1.7,1.3,0.6,0.3,1.1,35
267,Buddy Hield,ATL,F,3500,16.25,20.3,12.2,5.8,8.0,2.5,1.5,1.5,0.8,0.2,1.0,44
268,Micah Potter,IND,F,3500,16.17,20.2,12.1,5.77,6.9,4.1,1.4,1.2,0.4,0.3,0.7,20
269,Cam Whitmore,WAS,F,3500,16.16,20.2,12.1,5.77,9.2,2.8,0.7,0.8,0.7,0.4,0.9,21
270,Jarred Vanderbilt,LAL,F,3500,16.12,20.2,12.1,5.77,5.1,5.1,1.4,0.5,1.0,0.4,1.0,42
271,Ryan Dunn,PHX,F,3500,16.12,20.2,12.1,5.77,6.0,4.1,1.5,0.8,0.9,0.4,0.9,46
272,Kris Murray,POR,F,3500,16.05,20.1,12.0,5.74,6.1,4.0,1.2,0.6,1.2,0.4,0.9,34
273,Blake Wesley,POR,F,3500,16.0,20.0,12.0,5.71,6.5,2.0,3.0,0.7,1.2,0.1,1.4,10
274,Tyrese Martin,BKN,F,3500,15.98,20.0,12.0,5.71,7.3,2.9,1.9,1.4,0.6,0.1,0.9,37
275,Oso Ighodaro,PHX,F,3500,15.85,19.8,11.9,5.66,5.4,4.5,1.8,0.0,0.9,0.6,1.3,53
276,Bones Hyland,MIN,F,3500,15.69,19.6,11.8,5.6,7.3,1.7,2.6,1.3,0.6,0.2,0.9,45
277,Javonte Green,DET,F,3500,15.66,19.6,11.7,5.6,7.1,2.8,0.7,1.1,1.4,0.3,0.7,51
278,Tolu Smith,DET,F,3500,15.52,19.4,11.6,5.54,5.2,5.6,0.8,0.0,0.4,1.0,0.8,5
279,Brook Lopez,LAC,F,3500,15.34,19.2,11.5,5.49,6.6,2.7,1.0,1.4,0.5,1.0,0.8,45
280,Kenrich Williams,OKC,F,3500,15.28,19.1,11.5,5.46,6.9,3.4,1.6,0.9,0.6,0.1,0.8,33
281,Paul Reed,DET,F,3500,15.21,19.0,11.4,5.43,5.7,4.3,1.2,0.2,0.8,0.6,0.9,36
282,Gary Trent Jr.,MIL,F,3500,15.17,19.0,11.4,5.43,8.5,1.1,1.5,2.0,0.6,0.1,0.6,46
283,Jordan Clarkson,NYK,F,3500,15.16,18.9,11.4,5.4,9.2,1.8,1.4,1.2,0.4,0.1,1.0,49
284,Sion James,CHA,F,3500,15.15,18.9,11.4,5.4,5.7,3.5,1.9,1.0,0.6,0.3,0.8,53
285,Will Richard,GSW,F,3500,14.98,18.7,11.2,5.34,6.7,2.4,1.4,1.1,1.2,0.1,0.8,48
286,Tre Mann,CHA,F,3500,14.96,18.7,11.2,5.34,7.3,2.3,2.2,1.3,0.4,0.1,1.4,32
287,Trendon Watford,PHI,F,3500,14.93,18.7,11.2,5.34,6.0,3.4,2.6,0.3,0.3,0.3,1.1,30
288,Patrick Williams,CHI,F,3500,14.85,18.6,11.1,5.31,6.8,3.0,1.2,1.3,0.6,0.3,0.9,49
289,Ben Sheppard,IND,F,3500,14.82,18.5,11.1,5.29,6.3,3.1,1.8,1.2,0.5,0.1,0.6,42
290,Nolan Traore,BKN,F,3500,14.8,18.5,11.1,5.29,6.8,1.5,3.0,1.0,0.4,0.3,1.4,29
291,Pat Spencer,GSW,F,3500,14.79,18.5,11.1,5.29,6.0,2.2,3.0,0.8,0.6,0.1,1.1,37
292,Sidy Cissoko,POR,F,3500,14.75,18.4,11.1,5.26,6.6,2.5,1.6,1.1,0.8,0.3,1.1,48
293,Javon Small,MEM,F,3500,14.74,18.4,11.1,5.26,5.9,2.2,3.3,0.8,0.3,0.2,1.1,19
294,Nae'Qwan Tomlin,CLE,F,3500,14.72,18.4,11.0,5.26,6.5,3.1,1.0,0.4,0.8,0.6,0.4,42
295,Quenton Jackson,IND,F,3500,14.71,18.4,11.0,5.26,7.8,1.8,1.8,0.8,0.7,0.2,1.1,24
296,Tidjane Salaün,CHA,F,3500,14.68,18.4,11.0,5.26,6.4,4.4,0.8,1.0,0.4,0.2,0.8,31
297,Jordan Walsh,BOS,F,3500,14.61,18.3,11.0,5.23,5.4,4.3,0.8,0.7,0.8,0.4,0.5,47
298,Kobe Sanders,LAC,F,3500,14.57,18.2,10.9,5.2,7.1,2.6,1.7,1.1,0.6,0.1,1.4,44
299,Josh Minott,BKN,F,3500,14.52,18.1,10.9,5.17,5.8,3.6,1.0,1.0,0.7,0.4,0.6,33
300,KJ Simpson,CHA,F,3500,14.52,18.1,10.9,5.17,6.0,2.1,2.5,0.9,1.1,0.0,1.7,14
301,Nique Clifford,SAC,F,3500,14.5,18.1,10.9,5.17,6.5,3.0,1.5,0.9,0.6,0.3,1.1,50
302,Jalen Pickett,DEN,F,3500,14.49,18.1,10.9,5.17,5.6,2.7,2.7,1.0,0.4,0.1,0.8,37
303,Moritz Wagner,ORL,F,3500,14.44,18.1,10.8,5.17,8.5,3.2,0.3,1.2,0.4,0.0,0.7,11
304,Bryce McGowens,NOP,F,3500,14.25,17.8,10.7,5.09,7.7,2.0,1.4,0.9,0.6,0.1,0.5,30
305,Spencer Jones,DEN,F,3500,14.22,17.8,10.7,5.09,6.0,3.1,0.8,1.0,0.9,0.4,0.6,46
306,Tristan Vukcevic,WAS,F,3500,14.15,17.7,10.6,5.06,7.5,2.5,1.1,0.6,0.3,0.7,1.2,33
307,Johnny Furphy,IND,F,3500,14.08,17.6,10.6,5.03,5.1,4.4,1.2,0.7,0.6,0.2,0.8,35
308,Jamaree Bouyea,PHX,F,3500,14.03,17.5,10.5,5.0,6.7,1.9,1.7,0.6,0.7,0.4,0.6,27
309,Jaxson Hayes,LAL,F,3500,13.91,17.4,10.4,4.97,6.4,3.8,0.8,0.0,0.4,0.6,0.5,42
310,Grant Williams,CHA,F,3500,13.86,17.3,10.4,4.94,5.9,3.8,1.0,1.0,0.4,0.2,0.6,12
311,Jared McCain,OKC,F,3500,13.75,17.2,10.3,4.91,6.6,2.0,1.7,1.2,0.6,0.1,0.8,38
312,Noah Penda,ORL,F,3500,13.66,17.1,10.2,4.89,5.0,3.8,1.2,0.7,0.6,0.4,0.8,36
313,Kasparas Jakučionis,MIA,F,3500,13.63,17.0,10.2,4.86,4.9,2.4,2.4,1.1,0.7,0.1,0.9,27
314,Ja'Kobe Walter,TOR,F,3500,13.49,16.9,10.1,4.83,6.3,2.2,1.0,1.1,0.9,0.2,0.5,44
315,Will Riley,WAS,F,3500,13.49,16.9,10.1,4.83,7.0,2.2,1.4,0.8,0.6,0.1,0.9,44
316,Mouhamed Gueye,ATL,F,3500,13.47,16.8,10.1,4.8,4.8,3.6,1.0,0.5,0.8,0.5,0.5,51
317,Mike Conley,MIN,F,3500,13.41,16.8,10.1,4.8,4.4,1.8,2.9,1.0,0.6,0.3,0.6,44
318,Bradley Beal,LAC,F,3500,13.16,16.4,9.9,4.69,8.2,0.8,1.7,1.2,0.5,0.0,1.5,6
319,Gui Santos,GSW,F,3500,13.11,16.4,9.8,4.69,5.4,2.8,1.4,0.9,0.6,0.3,0.9,42
320,Tyler Kolek,NYK,F,3500,13.03,16.3,9.8,4.66,5.0,1.9,3.0,0.8,0.4,0.1,1.1,46
321,Gary Payton II,GSW,F,3500,12.94,16.2,9.7,4.63,5.1,3.2,1.5,0.4,0.6,0.3,0.9,48
322,Taurean Prince,MIL,F,3500,12.92,16.1,9.7,4.6,6.1,1.6,1.0,1.5,0.8,0.3,0.6,8
323,Josh Okogie,HOU,F,3500,12.88,16.1,9.7,4.6,5.3,2.9,0.9,0.9,0.9,0.2,0.7,51
324,Jamir Watkins,WAS,F,3500,12.82,16.0,9.6,4.57,4.5,3.6,0.8,0.5,0.8,0.5,0.6,26
325,Kevon Looney,NOP,F,3500,12.72,15.9,9.5,4.54,2.7,5.1,1.5,0.1,0.4,0.5,0.5,17
326,Ben Saraf,BKN,F,3500,12.67,15.8,9.5,4.51,4.9,1.6,2.8,0.6,0.8,0.2,1.9,20
327,Gradey Dick,TOR,F,3500,12.44,15.5,9.3,4.43,6.5,2.2,0.7,0.9,0.7,0.1,0.5,54
328,Keon Ellis,CLE,SG,4500,12.43,15.5,9.3,3.44,5.6,1.4,0.6,1.3,1.1,0.5,0.5,45
329,Clint Capela,HOU,F,3500,12.42,15.5,9.3,4.43,3.8,4.6,0.6,0.0,0.5,0.7,0.4,45
330,Jeremiah Robinson-Earl,DAL,F,3500,12.34,15.4,9.3,4.4,4.6,4.7,0.7,0.5,0.4,0.0,0.5,22
331,John Konchar,UTA,F,3500,12.29,15.4,9.2,4.4,3.2,3.2,1.4,0.4,1.0,0.5,0.5,31
332,Adem Bona,PHI,F,3500,12.05,15.1,9.0,4.31,4.1,4.0,0.2,0.0,0.3,1.3,0.7,43
333,Marcus Sasser,DET,F,3500,12.03,15.0,9.0,4.29,5.6,0.9,2.0,1.1,0.7,0.1,0.7,16
334,Cody Williams,UTA,F,3500,12.01,15.0,9.0,4.29,5.8,2.3,0.9,0.4,0.6,0.4,0.6,39
335,Nicolas Batum,LAC,F,3500,11.97,15.0,9.0,4.29,4.4,2.6,0.8,1.4,0.7,0.4,0.7,51
336,Drake Powell,BKN,F,3500,11.92,14.9,8.9,4.26,6.0,1.6,1.6,0.7,0.5,0.2,1.0,40
337,Karlo Matković,NOP,F,3500,11.92,14.9,8.9,4.26,4.7,3.1,0.7,0.5,0.4,0.7,0.5,41
338,Daeqwon Plowden,SAC,F,3500,11.86,14.8,8.9,4.23,5.6,2.8,1.0,0.8,0.2,0.2,0.4,5
339,Moussa Cisse,DAL,F,3500,11.85,14.8,8.9,4.23,3.7,4.5,0.2,0.0,0.3,1.1,0.7,30
340,Olivier-Maxence Prosper,MEM,F,3500,11.76,14.7,8.8,4.2,6.1,2.8,0.7,0.8,0.3,0.1,0.7,28
341,Jaden Hardy,WAS,F,3500,11.73,14.7,8.8,4.2,6.9,1.4,0.9,1.4,0.3,0.1,0.8,34
342,Devin Carter,SAC,F,3500,11.65,14.6,8.7,4.17,5.1,2.0,1.7,0.4,0.6,0.2,0.8,18
343,Chris Paul,TOR,F,3500,11.51,14.4,8.6,4.11,2.9,1.8,3.3,0.6,0.7,0.0,1.0,16
344,Taylor Hendricks,MEM,F,3500,11.25,14.1,8.4,4.03,5.0,3.0,0.7,0.7,0.4,0.2,0.6,35
345,Thomas Bryant,CLE,F,3500,11.16,13.9,8.4,3.97,5.2,2.8,0.6,0.7,0.2,0.4,0.4,37
346,Trayce Jackson-Davis,TOR,F,3500,11.16,13.9,8.4,3.97,4.3,3.3,0.9,0.0,0.4,0.5,0.5,37
347,Myron Gardner,MIA,F,3500,11.06,13.8,8.3,3.94,4.2,2.8,1.0,0.7,0.5,0.2,0.2,24
348,Julian Strawther,DEN,F,3500,10.9,13.6,8.2,3.89,5.7,2.0,1.0,0.6,0.4,0.1,0.6,30
349,Hugo González,BOS,F,3500,10.88,13.6,8.2,3.89,3.9,3.4,0.6,0.5,0.6,0.3,0.6,48
350,Ethan Thompson,IND,F,3500,10.84,13.6,8.1,3.89,4.5,1.7,1.4,0.9,0.5,0.3,0.6,21
351,Christian Koloko,ATL,F,3500,10.81,13.5,8.1,3.86,2.8,3.3,0.7,0.1,0.6,1.0,0.6,20
352,PJ Hall,CHA,F,3500,10.8,13.5,8.1,3.86,4.6,3.5,0.5,0.2,0.1,0.6,0.7,15
353,Branden Carlson,OKC,F,3500,10.72,13.4,8.0,3.83,4.9,2.6,0.6,0.6,0.2,0.5,0.4,34
354,Josh Green,CHA,F,3500,10.68,13.3,8.0,3.8,4.7,1.9,1.0,1.1,0.6,0.1,0.6,29
355,Baylor Scheierman,BOS,F,3500,10.66,13.3,8.0,3.8,3.7,2.8,1.0,0.9,0.6,0.1,0.4,48
356,Caleb Martin,DAL,F,3500,10.65,13.3,8.0,3.8,3.5,2.5,1.6,0.3,0.7,0.2,0.7,45
357,Asa Newell,ATL,F,3500,10.62,13.3,8.0,3.8,5.3,2.1,0.5,0.7,0.4,0.4,0.5,37
358,RayJ Dennis,ATL,F,3500,10.6,13.2,7.9,3.77,4.3,1.5,2.0,0.8,0.3,0.3,1.0,15
359,Sharife Cooper,WAS,F,3500,10.6,13.2,7.9,3.77,5.4,2.0,1.6,0.5,0.2,0.1,1.4,11
360,Jevon Carter,ORL,F,3500,10.47,13.1,7.9,3.74,5.4,1.1,0.8,1.4,0.6,0.1,0.5,23
361,Drew Eubanks,SAC,F,3500,10.39,13.0,7.8,3.71,5.1,2.7,0.3,0.0,0.4,0.6,0.8,31
362,Aaron Holiday,HOU,F,3500,10.38,13.0,7.8,3.71,5.7,0.9,1.0,1.2,0.5,0.1,0.6,35
363,Pete Nance,MIL,F,3500,10.3,12.9,7.7,3.69,5.0,2.0,0.6,1.0,0.4,0.2,0.4,20
364,Micah Peavy,NOP,F,3500,10.25,12.8,7.7,3.66,4.4,2.0,1.0,0.5,0.7,0.1,0.3,45
365,Dwight Powell,DAL,F,3500,10.19,12.7,7.6,3.63,2.9,3.7,1.0,0.0,0.5,0.3,0.5,38
366,Larry Nance Jr.,CLE,F,3500,10.17,12.7,7.6,3.63,3.6,2.6,1.0,0.6,0.6,0.2,0.5,24
367,Keaton Wallace,ATL,F,3500,10.14,12.7,7.6,3.63,3.9,1.2,2.0,0.9,0.5,0.1,0.6,40
368,Justin Edwards,PHI,F,3500,10.13,12.7,7.6,3.63,4.6,1.4,1.1,0.9,0.6,0.2,0.6,39
369,Tyus Jones,DAL,F,3500,10.12,12.6,7.6,3.6,3.0,1.1,2.5,0.6,0.7,0.1,0.3,49
370,Zeke Nnaji,DEN,F,3500,9.96,12.5,7.5,3.57,4.2,2.8,0.5,0.3,0.3,0.5,0.5,39
371,Gabe Vincent,ATL,F,3500,9.93,12.4,7.4,3.54,4.8,0.9,1.3,1.3,0.5,0.0,0.4,29
372,Jeremy Sochan,SAS,F,3500,9.92,12.4,7.4,3.54,4.1,2.6,1.0,0.3,0.4,0.2,0.6,28
373,Nick Smith Jr.,LAL,F,3500,9.91,12.4,7.4,3.54,5.8,0.8,1.1,1.1,0.3,0.1,0.8,24
374,Dalen Terry,CHI,F,3500,9.83,12.3,7.4,3.51,3.5,1.9,1.3,0.6,0.6,0.3,0.6,34
375,Garrison Mathews,IND,F,3500,9.77,12.2,7.3,3.49,5.2,1.1,0.7,1.1,0.4,0.2,0.2,15
376,Jalen Wilson,BKN,F,3500,9.75,12.2,7.3,3.49,5.5,1.5,0.6,1.0,0.3,0.1,0.5,33
377,Tyrese Proctor,CLE,F,3500,9.72,12.2,7.3,3.49,4.9,1.1,1.4,0.9,0.4,0.0,0.6,38
378,Jabari Walker,PHI,F,3500,9.57,12.0,7.2,3.43,3.7,3.1,0.5,0.4,0.4,0.2,0.4,45
379,Jase Richardson,ORL,F,3500,9.56,12.0,7.2,3.43,5.1,1.3,1.2,0.6,0.3,0.1,0.6,37
380,Ochai Agbaji,BKN,F,3500,9.56,12.0,7.2,3.43,4.3,2.3,0.7,0.3,0.4,0.3,0.5,42
381,Eric Gordon,PHI,F,3500,9.46,11.8,7.1,3.37,5.5,0.3,0.5,1.3,0.7,0.2,0.5,6
382,Jericho Sims,MIL,F,3500,9.45,11.8,7.1,3.37,3.1,4.0,0.8,0.0,0.2,0.2,0.9,36
383,Nick Richards,CHI,F,3500,9.08,11.3,6.8,3.23,3.6,3.4,0.3,0.0,0.2,0.5,0.9,29
384,Jaylen Clark,MIN,F,3500,9.03,11.3,6.8,3.23,3.8,1.9,0.6,0.4,0.7,0.2,0.3,51
385,Liam McNeeley,CHA,F,3500,9.02,11.3,6.8,3.23,4.1,2.1,0.8,0.8,0.2,0.1,0.4,28
386,Malaki Branham,CHA,F,3500,8.97,11.2,6.7,3.2,4.6,1.6,0.8,0.5,0.4,0.1,0.5,28
387,Jett Howard,ORL,F,3500,8.96,11.2,6.7,3.2,4.8,1.3,0.8,0.9,0.2,0.1,0.2,32
388,Rob Dillingham,CHI,F,3500,8.84,11.1,6.6,3.17,3.6,1.2,1.7,0.4,0.6,0.1,1.1,36
389,Jordan Hawkins,NOP,F,3500,8.81,11.0,6.6,3.14,4.3,1.8,0.7,0.8,0.2,0.2,0.6,35
390,Tony Bradley,IND,F,3500,8.71,10.9,6.5,3.11,4.0,2.8,0.5,0.0,0.2,0.2,0.4,38
391,DaRon Holmes II,DEN,F,3500,8.67,10.8,6.5,3.09,3.9,1.6,1.0,0.9,0.0,0.3,0.3,15
392,Ousmane Dieng,MIL,F,3500,8.47,10.6,6.4,3.03,3.7,1.6,1.0,0.7,0.1,0.3,0.3,27
393,Jonathan Isaac,ORL,F,3500,8.4,10.5,6.3,3.0,2.8,2.5,0.4,0.2,0.4,0.6,0.4,43
394,Dorian Finney-Smith,HOU,F,3500,8.38,10.5,6.3,3.0,2.9,2.4,0.7,0.6,0.4,0.2,0.5,19
395,Ron Harper Jr.,BOS,F,3500,8.25,10.3,6.2,2.94,3.0,2.0,0.8,0.7,0.1,0.4,0.1,9
396,Kelly Olynyk,SAS,F,3500,8.18,10.2,6.1,2.91,3.3,1.9,1.2,0.3,0.4,0.0,0.6,29
397,Chris Boucher,BOS,F,3500,8.1,10.1,6.1,2.89,2.3,2.0,0.3,0.2,0.6,0.8,0.1,9
398,Dalton Knecht,LAL,F,3500,8.03,10.0,6.0,2.86,4.6,1.4,0.3,0.7,0.2,0.2,0.4,41
399,David Jones Garcia,SAS,F,3500,7.99,10.0,6.0,2.86,2.9,1.2,1.6,0.3,0.5,0.1,0.5,11
400,Guerschon Yabusele,CHI,F,3500,7.91,9.9,5.9,2.83,3.2,2.3,0.5,0.6,0.2,0.2,0.4,43
401,Terrence Shannon Jr.,MIN,F,3500,7.91,9.9,5.9,2.83,4.5,1.3,0.6,0.7,0.3,0.0,0.7,22
402,Yanic Konan Niederhäuser,LAC,F,3500,7.91,9.9,5.9,2.83,3.8,2.3,0.3,0.0,0.1,0.5,0.6,32
403,Gary Harris,MIL,F,3500,7.85,9.8,5.9,2.8,2.6,1.5,1.1,0.6,0.6,0.1,0.4,36
404,A.J. Lawson,TOR,F,3500,7.71,9.6,5.8,2.74,3.8,1.8,0.2,0.6,0.3,0.2,0.3,13
405,Rayan Rupert,POR,F,3500,7.71,9.6,5.8,2.74,2.9,1.8,0.8,0.5,0.6,0.0,0.5,45
406,Luke Travers,CLE,F,3500,7.65,9.6,5.7,2.74,2.3,2.0,0.8,0.1,0.6,0.3,0.3,12
407,Monte Morris,IND,F,3500,7.64,9.5,5.7,2.71,3.0,1.2,1.5,0.3,0.2,0.2,0.3,6
408,Jahmai Mashack,MEM,F,3500,7.57,9.5,5.7,2.71,2.1,1.1,0.9,0.5,1.3,0.0,0.6,10
409,Mason Plumlee,CHA,F,3500,7.53,9.4,5.6,2.69,1.9,2.9,1.1,0.0,0.4,0.0,0.6,14
410,Isaiah Livers,PHX,F,3500,7.13,8.9,5.3,2.54,2.2,1.9,0.7,0.4,0.4,0.3,0.4,29
411,Ariel Hukporti,NYK,F,3500,7.08,8.8,5.3,2.51,1.9,2.9,0.5,0.0,0.1,0.5,0.5,37
412,Cam Christie,LAC,F,3500,7.02,8.8,5.3,2.51,3.5,1.6,0.6,0.3,0.2,0.1,0.4,37
413,Kobe Brown,IND,F,3500,7.02,8.8,5.3,2.51,2.9,1.6,0.8,0.4,0.3,0.1,0.4,34
414,Maxi Kleber,LAL,F,3500,6.95,8.7,5.2,2.49,2.1,2.0,0.8,0.2,0.4,0.2,0.3,26
415,Miles Kelly,DAL,F,3500,6.92,8.7,5.2,2.49,2.8,1.6,0.7,0.7,0.3,0.0,0.3,12
416,Chaz Lanier,DET,F,3500,6.9,8.6,5.2,2.46,3.3,1.0,0.7,0.8,0.3,0.0,0.1,19
417,Joan Beringer,MIN,F,3500,6.8,8.5,5.1,2.43,3.1,2.0,0.3,0.0,0.1,0.4,0.3,26
418,Drew Timme,LAL,F,3500,6.76,8.4,5.1,2.4,3.1,1.3,0.9,0.3,0.3,0.0,0.3,16
419,Carter Bryant,SAS,F,3500,6.73,8.4,5.0,2.4,3.0,1.9,0.2,0.5,0.2,0.2,0.3,41
420,Alijah Martin,TOR,F,3500,6.72,8.4,5.0,2.4,2.7,1.1,0.7,0.2,0.5,0.3,0.3,12
421,Kam Jones,IND,F,3500,6.5,8.1,4.9,2.31,2.6,1.0,1.3,0.3,0.3,0.0,0.3,16
422,Keshad Johnson,MIA,F,3500,6.43,8.0,4.8,2.29,3.1,1.9,0.1,0.3,0.2,0.2,0.4,21
423,Kevin McCullar Jr.,NYK,F,3500,6.4,8.0,4.8,2.29,2.0,1.5,1.3,0.4,0.3,0.0,0.7,15
424,Duop Reath,POR,F,3500,6.39,8.0,4.8,2.29,2.9,1.2,0.3,0.7,0.2,0.3,0.2,32
425,Trey Alexander,NOP,F,3500,6.36,8.0,4.8,2.29,2.8,0.8,1.0,0.4,0.2,0.2,0.2,5
426,Pat Connaughton,CHA,F,3500,6.33,7.9,4.7,2.26,2.9,1.4,0.6,0.5,0.2,0.0,0.1,22
427,Jamison Battle,TOR,F,3500,6.28,7.9,4.7,2.26,3.2,1.4,0.4,0.6,0.1,0.1,0.4,38
428,Julian Phillips,MIN,F,3500,6.24,7.8,4.7,2.23,2.8,1.2,0.2,0.4,0.5,0.2,0.2,36
429,Emanuel Miller,CLE,F,3500,6.12,7.7,4.6,2.2,3.0,0.6,0.8,0.4,0.4,0.0,0.0,5
430,Bobi Klintman,DET,F,3500,6.07,7.6,4.6,2.17,2.1,2.1,0.5,0.4,0.3,0.0,0.6,8
431,AJ Johnson,DAL,F,3500,6.04,7.5,4.5,2.14,2.7,1.2,0.9,0.3,0.3,0.0,0.7,26
432,Xavier Tillman,CHA,F,3500,5.96,7.5,4.5,2.14,2.2,1.8,0.4,0.2,0.4,0.1,0.4,14
433,Amari Williams,BOS,F,3500,5.92,7.4,4.4,2.11,1.6,2.1,0.4,0.0,0.1,0.6,0.4,14
434,JD Davison,HOU,F,3500,5.88,7.3,4.4,2.09,2.2,0.9,1.1,0.3,0.2,0.2,0.3,24
435,Hunter Tyson,DEN,F,3500,5.84,7.3,4.4,2.09,2.2,1.7,0.8,0.3,0.1,0.0,0.2,21
436,Wendell Moore Jr.,DET,F,3500,5.84,7.3,4.4,2.09,2.0,1.2,0.6,0.0,0.4,0.4,0.2,5
437,Yang Hansen,POR,F,3500,5.84,7.3,4.4,2.09,2.2,1.7,0.7,0.2,0.1,0.3,0.9,31
438,Elijah Harkless,UTA,F,3500,5.83,7.3,4.4,2.09,2.4,0.9,0.7,0.3,0.6,0.0,0.4,7
439,Jae'Sean Tate,HOU,F,3500,5.8,7.2,4.3,2.06,2.6,1.5,0.5,0.2,0.2,0.1,0.3,31
440,Anthony Gill,WAS,F,3500,5.77,7.2,4.3,2.06,2.3,1.6,0.3,0.1,0.4,0.2,0.4,27
441,Taelon Peter,IND,F,3500,5.55,6.9,4.2,1.97,1.9,1.0,0.9,0.5,0.3,0.1,0.4,23
442,Mohamed Diawara,NYK,F,3500,5.52,6.9,4.1,1.97,2.5,1.1,0.5,0.5,0.2,0.1,0.3,43
443,Lachlan Olbrich,CHI,F,3500,5.41,6.8,4.1,1.94,1.1,2.3,0.8,0.1,0.1,0.1,0.3,16
444,Rasheer Fleming,PHX,F,3500,5.26,6.6,3.9,1.89,2.4,1.3,0.2,0.3,0.2,0.2,0.2,29
445,Antonio Reeves,CHA,F,3500,5.19,6.5,3.9,1.86,3.0,0.7,0.3,0.7,0.1,0.0,0.0,7
446,Doug McDermott,SAC,F,3500,5.19,6.5,3.9,1.86,3.0,0.7,0.2,1.0,0.0,0.1,0.3,9
447,Jordan McLaughlin,SAS,F,3500,5.14,6.4,3.9,1.83,2.0,0.7,0.7,0.4,0.5,0.0,0.3,24
448,Brooks Barnhizer,OKC,F,3500,5.04,6.3,3.8,1.8,1.6,1.7,0.5,0.2,0.2,0.1,0.3,28
449,Bronny James,LAL,F,3500,4.93,6.2,3.7,1.77,1.9,0.4,1.1,0.3,0.4,0.0,0.4,27
450,Andre Jackson Jr.,MIL,F,3500,4.81,6.0,3.6,1.71,1.5,0.8,1.0,0.2,0.3,0.1,0.3,24
451,Jamal Cain,ORL,F,3500,4.69,5.9,3.5,1.69,2.7,0.7,0.3,0.3,0.2,0.1,0.4,19
452,Leonard Miller,CHI,F,3500,4.66,5.8,3.5,1.66,2.2,1.3,0.3,0.1,0.3,0.0,0.5,20
453,Amir Coffey,PHX,F,3500,4.63,5.8,3.5,1.66,2.4,0.9,0.4,0.2,0.1,0.1,0.1,30
454,Jonathan Mogbo,TOR,F,3500,4.47,5.6,3.4,1.6,1.3,1.6,0.4,0.0,0.2,0.2,0.3,23
455,Drew Peterson,CHA,F,3500,4.45,5.6,3.3,1.6,0.8,1.5,0.3,0.0,0.5,0.2,0.0,6
456,Chris Youngblood,OKC,F,3500,4.38,5.5,3.3,1.57,2.0,0.9,0.3,0.5,0.1,0.1,0.1,32
457,Isaiah Crawford,HOU,F,3500,4.28,5.4,3.2,1.54,1.4,0.4,0.4,0.2,0.4,0.4,0.0,5
458,Jeff Green,HOU,F,3500,4.27,5.3,3.2,1.51,2.3,0.6,0.2,0.6,0.1,0.1,0.1,18
459,Javonte Cooke,POR,F,3500,4.26,5.3,3.2,1.51,1.6,0.8,0.5,0.2,0.5,0.0,0.5,13
460,Malevy Leons,GSW,F,3500,4.26,5.3,3.2,1.51,1.2,1.8,0.2,0.0,0.2,0.2,0.4,5
461,Jahmir Young,MIA,F,3500,4.25,5.3,3.2,1.51,2.1,0.5,0.8,0.3,0.1,0.0,0.3,8
462,Mark Sears,MIL,F,3500,4.21,5.3,3.2,1.51,3.1,0.3,0.3,0.6,0.0,0.0,0.6,7
463,E.J. Liddell,BKN,F,3500,4.12,5.2,3.1,1.49,2.2,1.1,0.0,0.4,0.1,0.0,0.0,10
464,Lindy Waters III,SAS,F,3500,4.11,5.1,3.1,1.46,1.9,0.8,0.4,0.5,0.1,0.0,0.1,28
465,Caleb Houstan,ATL,F,3500,4.0,5.0,3.0,1.43,2.3,0.5,0.2,0.6,0.1,0.1,0.4,10
466,Kyle Lowry,PHI,F,3500,3.95,4.9,3.0,1.4,1.0,0.5,1.2,0.3,0.2,0.0,0.3,6
467,Nigel Hayes-Davis,PHX,F,3500,3.94,4.9,3.0,1.4,1.3,1.2,0.3,0.1,0.3,0.1,0.3,27
468,Adou Thiero,LAL,F,3500,3.84,4.8,2.9,1.37,1.3,1.2,0.3,0.0,0.3,0.1,0.3,15
469,Johnny Juzang,MIN,F,3500,3.81,4.8,2.9,1.37,2.0,0.8,0.3,0.3,0.1,0.0,0.2,21
470,Johni Broome,PHI,F,3500,3.68,4.6,2.8,1.31,1.1,1.4,0.4,0.0,0.2,0.0,0.2,9
471,Trey Jemison III,NYK,F,3500,3.35,4.2,2.5,1.2,0.9,1.5,0.2,0.0,0.1,0.2,0.5,10
472,Curtis Jones,DEN,F,3500,3.31,4.1,2.5,1.17,1.5,0.8,0.5,0.2,0.0,0.0,0.2,6
473,Thanasis Antetokounmpo,MIL,F,3500,3.27,4.1,2.5,1.17,1.3,0.6,0.1,0.0,0.4,0.2,0.2,17
474,Dario Šarić,DET,F,3500,3.04,3.8,2.3,1.09,1.0,1.2,0.4,0.2,0.0,0.0,0.4,5
475,Joe Ingles,MIN,F,3500,2.91,3.6,2.2,1.03,0.6,0.3,0.8,0.1,0.4,0.0,0.3,18
476,Khaman Maluach,PHX,F,3500,2.88,3.6,2.2,1.03,1.1,0.9,0.1,0.0,0.0,0.4,0.5,22
477,Pacôme Dadiet,NYK,F,3500,2.79,3.5,2.1,1.0,0.7,0.7,0.5,0.1,0.2,0.0,0.0,20
478,Jacob Toppin,ATL,F,3500,2.54,3.2,1.9,0.91,1.6,0.2,0.2,0.0,0.0,0.2,0.0,5
479,Bismack Biyombo,SAS,F,3500,2.22,2.8,1.7,0.8,0.7,0.6,0.2,0.0,0.2,0.1,0.2,13
480,Tyson Etienne,BKN,F,3500,2.1,2.6,1.6,0.74,1.5,0.0,0.1,0.5,0.0,0.0,0.1,8
481,Hunter Sallis,PHI,F,3500,1.87,2.3,1.4,0.66,1.0,0.1,0.6,0.0,0.0,0.1,0.7,7
482,Garrett Temple,TOR,F,3500,1.71,2.1,1.3,0.6,0.3,0.3,0.3,0.1,0.2,0.1,0.2,13
483,Jahmyl Telfort,LAC,F,3500,0.88,1.1,0.7,0.31,0.1,0.4,0.1,0.0,0.1,0.0,0.1,8
484,Tosan Evbuomwan,CHA,F,3500,0.48,0.6,0.4,0.17,0.0,0.4,0.0,0.0,0.0,0.0,0.0,5
